,Title,Date,Category
0,,,2.0
1,대기업집단 소속사 2128개…3개월새 25개 늘어,2019.08.01,3.0
2,"누나 편 든 장남…한국타이어, 차남 vs 3남매 경영권 분쟁 본격화",2020.08.25,4.0
3,"조현식 부회장 ""父 성년후견 심판 참여""…한국타이어 '형제의 난' 본격화",2020.08.25,4.0
4,"조양래 한국타이어 회장, 상반기 보수 7억8700만원",2020.08.14,4.0
5,"조양래 회장, 차남 손 들어줬지만…조현범 '2심' 여전히 변수",2020.08.02,4.0
6,"'성년후견 뭐길래'…뿔난 조양래 회장 ""매주 골프·헬스, 건강하다""",2020.08.01,4.0
7,"조양래 회장 ""주식매각, 갑작스런 결정 아냐…건강하게 지내고 있다""(종합)",2020.07.31,4.0
8,"조양래 회장 ""나는 건강하다…첫째 딸 전화도 안받아""",2020.07.31,4.0
9,"조양래 '성년후견 개시심판'에…조현식 ""주요주주로 고민하고 있다""",2020.07.30,4.0
10,한국타이어家 누나의 반격…'조양래 회장 성년후견 개시심판' 청구,2020.07.30,4.0
11,"조현범 ""반성의 의미로 대표이사직 사임""…2심서 선처 호소",2020.07.17,4.0
12,"한국타이어, 누나가 먼저 움직였지만…아버지는 차남 손 들어줬다",2020.06.30,4.0
13,"조양래 한국타이어 회장, 보유 지분 차남에 넘겨…경영권 분쟁 불씨 남아",2020.06.29,4.0
14,"한국타이어, KAIST 손잡고 디지털 기술 역량 확보 본격화",2020.06.26,4.0
15,현대차 '국내 최대' 드라이빙센터 세운다…2022년 상반기 개장,2020.06.17,4.0
16,"한국테크놀로지그룹, 전 계열사 임원 급여 20% 자진반납",2020.05.08,4.0
17,정의선 이어 최정우도 자사주 매입…재계 책임경영 강화,2020.03.24,4.0
18,"한국타이어 ""500억원 규모 자사주 매입, 주주가치 제고 위한 것""",2020.03.24,4.0
19,코로나19 덮친 車업계…방역 강화에 재택근무도 확대,2020.02.29,4.0
20,"한국테크놀로지그룹, 내달 2일부터 재택근무 확대 시행",2020.02.28,4.0
21,"한국테크놀로지그룹 모델솔루션, 디자인 트렌드 전시공간 'CMF LAB' 열어",2020.02.24,4.0
22,"[신년사]조현식 한국테크놀로지그룹 부회장 ""최우선 과제는 '혁신'…프로젝트 조직 확대""",2020.01.03,4.0
23,"한국테크놀로지그룹 계열사 모델솔루션, '3000만불 수출탑' 수상",2019.12.12,4.0
24,"한국네트웍스, 한성웰텍과 차세대 물류로봇 기술제휴",2019.06.16,4.0
25,"한국타이어그룹, 지주사·계열사 사명 변경…'한국테크놀로지그룹'으로 새 출발",2019.05.08,4.0
26,"[단독] 한국타이어그룹, '한국테크놀로지그룹'으로 새 간판 단다",2019.03.13,4.0
27,"외국인, 4주만에 '사자' 전환…배터리株 담았다",2020.08.30,5.0
28,"웹젠, 주가 3만 3400원 (-4.02%)… 게시판 '북적'",2020.08.26,5.0
29,"한국테크놀로지그룹, 커뮤니티 활발... 주가 -1.42%.",2020.08.26,5.0
30,【전문가추천】 내일 (27일) '급상승' 예상되는 테마 'TOP3',2020.08.26,5.0
31,"[특징주] 한국테크놀로지그룹, 경영권 분쟁 가능성에 ‘강세’",2020.08.26,5.0
32,"한국테크놀로지그룹, 타이어 테마 상승세에 7.09% ↑",2020.07.06,5.0
33,"[주간증시 리뷰]코스피, '2090→2150' 상승은 했지만 3주째 2100선 등락…'인버스' 모으는 개미",2020.07.04,5.0
34,"한국테크놀로지그룹, 타이어 테마 상승세에 15.06% ↑",2020.07.01,5.0
35,"한국테크놀로지그룹, 주가 1만 5250원.. 전일대비 17.76%",2020.07.01,5.0
36,"승계작업 시작된 한국타이어, 제2의 한진칼 되나",2020.06.30,5.0
37,"한국테크놀로지그룹, 타이어 테마 상승세에 11.84% ↑",2020.06.30,5.0
38,"한국테크놀로지그룹, ‘한국테크놀로지’ 사명 사용 법원이 제동",2020.05.15,5.0
39,"한국타이어앤테크놀로지, 대전·금산 공장 생산중단",2020.04.14,5.0
40,[e공시 눈에 띄네]코스피-28일,2020.03.02,5.0
41,삼성물산·한국타이어 등 7개사 ESG 통합등급 한 단계 하락,2020.01.30,5.0
42,회사명 두고 '한국테크놀로지VS한국테크놀로지그룹' 법적 분쟁,2019.12.20,5.0
43,[e공시 눈에 띄네]코스피-11일,2019.12.12,5.0
44,"한국테크놀로지그룹 ""서울중앙지검서 조현범 대표에 대해 공소 제기""",2019.12.11,5.0
45,"한국테크놀로지그룹, 계열사에 64억 출자",2019.08.29,5.0
46,,,6.0
47,,,7.0
48,"법원 ""옛 한국타이어, '한국테크놀로지그룹' 상호 사용 안돼""",2020.05.15,8.0
49,"법원, ‘납품대가 뒷돈’ 조현범 한국타이어 대표 집행유예 선고",2020.04.17,8.0
50,"검찰, 조현범 한국타이어 대표에 징역 4년 구형",2020.04.08,8.0
51,"법원, '하청업체 뒷돈' 조현범 한국타이어 대표 보석 허가",2020.03.24,8.0
52,"조현범 한국타이어 대표, 배임수재 등 혐의 구속",2019.11.21,8.0
53,조현범 한국타이어 대표 영장실질심사 출석… '묵묵부답',2019.11.21,8.0
54,,,9.0
55,,,10.0
56,,,11.0
