,0
0,삼성전자
1,SK하이닉스
2,삼성바이오로직스
3,NAVER
4,현대차
5,LG화학
6,현대모비스
7,셀트리온
8,삼성물산
9,LG생활건강
10,POSCO
11,신한지주
12,삼성SDI
13,KB금융
14,SK텔레콤
15,기아차
16,SK
17,한국전력
18,삼성에스디에스
19,삼성생명
20,카카오
21,엔씨소프트
22,KT&G
23,LG
24,아모레퍼시픽
25,SK이노베이션
26,LG전자
27,삼성화재
28,하나금융지주
29,삼성전기
30,S-Oil
31,한국조선해양
32,넷마블
33,우리금융지주
34,고려아연
35,롯데케미칼
36,아모레G
37,KT
38,웅진코웨이
39,기업은행
40,강원랜드
41,LG유플러스
42,한온시스템
43,현대글로비스
44,LG디스플레이
45,미래에셋대우
46,현대중공업지주
47,현대건설
48,삼성중공업
49,GS
50,삼성카드
51,오리온
52,한국금융지주
53,롯데지주
54,현대제철
55,한국타이어앤테크놀로지
56,호텔신라
57,CJ제일제당
58,롯데쇼핑
59,LG이노텍
60,삼성엔지니어링
61,에스원
62,한미약품
63,삼성증권
64,NH투자증권
65,이마트
66,CJ대한통운
67,한국가스공사
68,두산밥캣
69,DB손해보험
70,한국항공우주
71,GS리테일
72,한화솔루션
73,유한양행
74,신세계
75,BGF리테일
76,대림산업
77,휠라홀딩스
78,대우조선해양
79,CJ
80,제일기획
81,쌍용양회
82,GS건설
83,대한항공
84,한미사이언스
85,BNK금융지주
86,금호석유
87,하이트진로
88,일진머티리얼즈
89,팬오션
90,포스코인터내셔널
91,메리츠종금증권
92,현대해상
93,현대백화점
94,SKC
95,KCC
96,대우건설
97,오뚜기
98,한화생명
99,현대엘리베이
100,한전KPS
101,만도
102,현대미포조선
103,한화에어로스페이스
104,한화
105,한샘
106,신세계인터내셔날
107,동서
108,LS산전
109,효성
110,OCI
111,녹십자
112,대웅제약
113,영원무역
114,현대위아
115,LS
116,이노션
117,농심
118,현대로템
119,DB하이텍
120,한솔케미칼
121,SK네트웍스
122,GKL
123,한국테크놀로지그룹
124,코오롱인더
125,두산중공업
126,영풍
127,금호타이어
128,한국콜마
129,두산
130,태광산업
131,두산인프라코어
132,롯데정밀화학
133,영진약품
134,오리온홀딩스
135,현대그린푸드
136,롯데칠성
137,종근당
138,HDC현대산업개발
139,녹십자홀딩스
140,부광약품
141,아이에스동서
142,SL
143,현대홈쇼핑
144,동원F&B
145,애경산업
146,후성
147,코스맥스
148,넥센타이어
149,동아에스티
150,락앤락
151,한전기술
152,휴켐스
153,쿠쿠홀딩스
154,SK케미칼
155,대상
156,한섬
157,SPC삼립
158,동원시스템즈
159,대한유화
160,CJ CGV
161,롯데하이마트
162,LIG넥스원
163,HDC
164,풍산
165,보령제약
166,S&T모티브
167,동아쏘시오홀딩스
168,JW중외제약
169,빙그레
170,LG상사
171,한일현대시멘트
172,삼양홀딩스
173,동국제강
174,BGF
175,세아베스틸
176,대교
177,세방전지
178,SK디스커버리
179,LF
180,한라홀딩스
181,삼양사
182,일양약품
183,LG하우시스
184,롯데푸드
185,AK홀딩스
186,남해화학
187,유니드
188,한국쉘석유
189,JW홀딩스
190,쌍용차
191,남양유업
192,동양
193,현대리바트
194,효성중공업
195,고려제강
196,한국단자
197,한세실업
198,대덕전자
199,한올바이오파마
